name,time,x,y,z
PEACE,1.62755038582071E+018,-0.6505584120750427,0.12550584971904755,0.34812769293785095
GRAB,1.62755039599268E+018,-0.7858000993728638,0.09276267141103745,0.5849336385726929
GRAB,1.62755039957182E+018,-0.9633126854896545,0.0935702919960022,0.4070260226726532
THUMBUP,1.62755040335148E+018,-1.1180754899978638,0.1243191584944725,0.29170098900794983
INDEX,1.62755040395809E+018,-1.1302350759506226,0.12813450396060944,0.3918755054473877
